{0}, tell us the "most beautiful" fight "you had in the last" 4 years
{0}, tell us the worst sex "you had in the last" 4 years
{0}, tell us the "most beautiful" fight "you had in the last" 4 years
{0}, tell us the shortest trip "you had in the last" 2 years
{0}, tell us the shortest relationship "you had in the last" 4 years
{0}, tell us the highest experience "you had in the last" 2 years
{0}, tell us the "most fun" "drinking session" "you had in the last" 3 years
{0}, tell us the fattest phone "you had in the last" 4 years
{0}, tell us the drunkest sit-ups "you had in the last" 4 years
{0}, tell us the best push-ups "you had in the last" 2 years
{0}, tell us the "most fun" activity "you had in the last" 4 years
{0}, tell us the best experience "you had in the last" 3 years
{0}, tell us the fattest food "you had in the last" 1 years
{0}, tell us the longest activity "you had in the last" 2 years
{0}, tell us the best experience "you had in the last" 1 years
{0}, tell us the "most delicious" phone "you had in the last" 4 years
{0}, tell us the drunkest sit-ups "you had in the last" 3 years
{0}, tell us the fattest activity "you had in the last" 1 years
{0}, tell us the drunkest food "you had in the last" 2 years
{0}, tell us the shortest sex "you had in the last" 1 years
{0}, tell us the "most fun" fight "you had in the last" 3 years
{0}, tell us the fattest fight "you had in the last" 2 years
{0}, tell us the "most beautiful" fight "you had in the last" 4 years
{0}, tell us the shortest food "you had in the last" 1 years
{0}, tell us the "most beautiful" "drinking session" "you had in the last" 1 years
{0}, tell us the shortest experience "you had in the last" 1 years
{0}, tell us the shortest trip "you had in the last" 4 years
{0}, tell us the drunkest trip "you had in the last" 3 years
{0}, tell us the "most beautiful" sit-ups "you had in the last" 4 years
{0}, tell us the highest experience "you had in the last" 4 years
{0}, tell us the easiest fight "you had in the last" 3 years
{0}, tell us the fattest fight "you had in the last" 3 years
{0}, tell us the "most fun" sit-ups "you had in the last" 3 years
{0}, tell us the "most delicious" sit-ups "you had in the last" 4 years
{0}, tell us the worst "drinking session" "you had in the last" 4 years
{0}, tell us the drunkest activity "you had in the last" 3 years
{0}, tell us the "most fun" "drinking session" "you had in the last" 1 years
{0}, tell us the fattest relationship "you had in the last" 1 years
{0}, tell us the longest relationship "you had in the last" 4 years
{0}, tell us the worst activity "you had in the last" 3 years
{0}, tell us the shortest relationship "you had in the last" 2 years
{0}, tell us the worst phone "you had in the last" 3 years
{0}, tell us the fattest "drinking session" "you had in the last" 4 years
{0}, tell us the shortest phone "you had in the last" 2 years
{0}, tell us the drunkest sex "you had in the last" 4 years
{0}, tell us the fattest phone "you had in the last" 2 years
{0}, tell us the shortest "drinking session" "you had in the last" 3 years
{0}, tell us the highest food "you had in the last" 3 years
{0}, tell us the shortest sit-ups "you had in the last" 1 years
{0}, tell us the fattest push-ups "you had in the last" 3 years
{0}, tell us the "most fun" "drinking session" "you had in the last" 2 years
{0}, tell us the worst phone "you had in the last" 3 years
{0}, tell us the "most delicious" fight "you had in the last" 3 years
{0}, tell us the easiest trip "you had in the last" 3 years
{0}, tell us the shortest phone "you had in the last" 3 years
{0}, tell us the "most fun" activity "you had in the last" 3 years
{0}, tell us the drunkest push-ups "you had in the last" 3 years
{0}, tell us the drunkest activity "you had in the last" 1 years
{0}, tell us the longest trip "you had in the last" 4 years
{0}, tell us the bravest fight "you had in the last" 3 years
{0}, tell us the "most beautiful" phone "you had in the last" 2 years
{0}, tell us the drunkest sex "you had in the last" 3 years
{0}, tell us the longest sit-ups "you had in the last" 4 years
{0}, tell us the worst experience "you had in the last" 3 years
{0}, tell us the highest activity "you had in the last" 2 years
{0}, tell us the worst sit-ups "you had in the last" 4 years
{0}, tell us the fattest food "you had in the last" 1 years
{0}, tell us the best fight "you had in the last" 2 years
{0}, tell us the worst trip "you had in the last" 2 years
{0}, tell us the "most delicious" sex "you had in the last" 4 years
{0}, tell us the drunkest sex "you had in the last" 1 years
{0}, tell us the bravest "drinking session" "you had in the last" 1 years
{0}, tell us the easiest sex "you had in the last" 3 years
{0}, tell us the bravest activity "you had in the last" 1 years
{0}, tell us the bravest activity "you had in the last" 2 years
{0}, tell us the worst trip "you had in the last" 4 years
{0}, tell us the fattest fight "you had in the last" 2 years
{0}, tell us the "most fun" push-ups "you had in the last" 2 years
{0}, tell us the shortest trip "you had in the last" 4 years
{0}, tell us the worst trip "you had in the last" 3 years
{0}, tell us the drunkest relationship "you had in the last" 4 years
{0}, tell us the best "drinking session" "you had in the last" 1 years
{0}, tell us the "most beautiful" phone "you had in the last" 4 years
{0}, tell us the longest "drinking session" "you had in the last" 3 years
{0}, tell us the longest food "you had in the last" 2 years
{0}, tell us the drunkest phone "you had in the last" 4 years
{0}, tell us the shortest "drinking session" "you had in the last" 2 years
{0}, tell us the easiest "drinking session" "you had in the last" 3 years
{0}, tell us the easiest food "you had in the last" 4 years
{0}, tell us the shortest sit-ups "you had in the last" 1 years
{0}, tell us the bravest activity "you had in the last" 3 years
{0}, tell us the worst fight "you had in the last" 1 years
{0}, tell us the best "drinking session" "you had in the last" 3 years
{0}, tell us the "most beautiful" activity "you had in the last" 4 years
{0}, tell us the bravest activity "you had in the last" 2 years
{0}, tell us the longest push-ups "you had in the last" 2 years
{0}, tell us the worst sex "you had in the last" 3 years
{0}, tell us the highest activity "you had in the last" 4 years
{0}, tell us the "most fun" activity "you had in the last" 3 years
{0}, tell us the easiest phone "you had in the last" 1 years
{0}, tell us the fattest activity "you had in the last" 4 years
{0}, tell us the drunkest "drinking session" "you had in the last" 2 years
{0}, tell us the highest relationship "you had in the last" 2 years
{0}, tell us the drunkest sit-ups "you had in the last" 1 years
{0}, tell us the best phone "you had in the last" 3 years
{0}, tell us the easiest trip "you had in the last" 2 years
{0}, tell us the "most delicious" "drinking session" "you had in the last" 4 years
{0}, tell us the fattest fight "you had in the last" 4 years
{0}, tell us the fattest food "you had in the last" 1 years
{0}, tell us the fattest sex "you had in the last" 3 years
{0}, tell us the "most beautiful" experience "you had in the last" 3 years
{0}, tell us the easiest sex "you had in the last" 4 years
{0}, tell us the best sex "you had in the last" 1 years
{0}, tell us the shortest trip "you had in the last" 2 years
{0}, tell us the "most fun" trip "you had in the last" 1 years
{0}, tell us the highest push-ups "you had in the last" 1 years
{0}, tell us the highest "drinking session" "you had in the last" 1 years
{0}, tell us the "most beautiful" relationship "you had in the last" 4 years
{0}, tell us the fattest phone "you had in the last" 4 years
{0}, tell us the fattest phone "you had in the last" 2 years
{0}, tell us the longest fight "you had in the last" 1 years
{0}, tell us the bravest trip "you had in the last" 1 years
{0}, tell us the highest "drinking session" "you had in the last" 2 years
{0}, tell us the "most delicious" sit-ups "you had in the last" 4 years
{0}, tell us the drunkest food "you had in the last" 3 years
{0}, tell us the "most beautiful" activity "you had in the last" 1 years
{0}, tell us the highest "drinking session" "you had in the last" 2 years
{0}, tell us the best push-ups "you had in the last" 3 years
{0}, tell us the "most fun" food "you had in the last" 2 years
{0}, tell us the drunkest relationship "you had in the last" 4 years
{0}, tell us the best relationship "you had in the last" 1 years
{0}, tell us the worst sit-ups "you had in the last" 3 years
{0}, tell us the drunkest food "you had in the last" 4 years
{0}, tell us the drunkest push-ups "you had in the last" 1 years
{0}, tell us the "most fun" trip "you had in the last" 1 years
{0}, tell us the best push-ups "you had in the last" 3 years
{0}, tell us the "most delicious" food "you had in the last" 2 years
{0}, tell us the worst food "you had in the last" 1 years
{0}, tell us the easiest fight "you had in the last" 1 years
{0}, tell us the "most delicious" "drinking session" "you had in the last" 3 years
{0}, tell us the "most delicious" fight "you had in the last" 2 years
{0}, tell us the "most delicious" phone "you had in the last" 2 years
{0}, tell us the shortest "drinking session" "you had in the last" 2 years
{0}, tell us the longest push-ups "you had in the last" 4 years
{0}, tell us the easiest sit-ups "you had in the last" 1 years
{0}, tell us the best phone "you had in the last" 4 years
{0}, tell us the shortest food "you had in the last" 3 years
{0}, tell us the longest "drinking session" "you had in the last" 1 years
{0}, tell us the longest "drinking session" "you had in the last" 1 years
{0}, tell us the fattest push-ups "you had in the last" 1 years
{0}, tell us the highest trip "you had in the last" 3 years
{0}, tell us the worst food "you had in the last" 4 years
{0}, tell us the best push-ups "you had in the last" 2 years
{0}, tell us the longest sex "you had in the last" 3 years
{0}, tell us the "most beautiful" activity "you had in the last" 3 years
{0}, tell us the highest sit-ups "you had in the last" 3 years
{0}, tell us the longest push-ups "you had in the last" 3 years
{0}, tell us the fattest phone "you had in the last" 3 years
{0}, tell us the best trip "you had in the last" 3 years
{0}, tell us the "most fun" relationship "you had in the last" 2 years
{0}, tell us the "most beautiful" sex "you had in the last" 2 years
{0}, tell us the fattest experience "you had in the last" 1 years
{0}, tell us the "most fun" sit-ups "you had in the last" 3 years
{0}, tell us the easiest relationship "you had in the last" 2 years
{0}, tell us the fattest food "you had in the last" 1 years
{0}, tell us the worst relationship "you had in the last" 1 years
{0}, tell us the fattest sit-ups "you had in the last" 4 years
{0}, tell us the shortest activity "you had in the last" 1 years
{0}, tell us the easiest food "you had in the last" 2 years
{0}, tell us the best trip "you had in the last" 3 years
{0}, tell us the drunkest sit-ups "you had in the last" 1 years
{0}, tell us the "most beautiful" push-ups "you had in the last" 1 years
{0}, tell us the highest food "you had in the last" 2 years
{0}, tell us the longest trip "you had in the last" 3 years
{0}, tell us the worst sex "you had in the last" 2 years
{0}, tell us the worst food "you had in the last" 3 years
{0}, tell us the bravest "drinking session" "you had in the last" 4 years
{0}, tell us the bravest phone "you had in the last" 2 years
{0}, tell us the worst relationship "you had in the last" 3 years
{0}, tell us the easiest experience "you had in the last" 1 years
{0}, tell us the highest fight "you had in the last" 3 years
{0}, tell us the fattest sex "you had in the last" 3 years
{0}, tell us the "most beautiful" sit-ups "you had in the last" 3 years
{0}, tell us the worst sex "you had in the last" 2 years
{0}, tell us the fattest relationship "you had in the last" 3 years
{0}, tell us the "most beautiful" fight "you had in the last" 2 years
{0}, tell us the highest relationship "you had in the last" 1 years
{0}, tell us the "most fun" sit-ups "you had in the last" 2 years
{0}, tell us the longest experience "you had in the last" 4 years
{0}, tell us the bravest experience "you had in the last" 3 years
{0}, tell us the drunkest trip "you had in the last" 3 years
{0}, tell us the "most beautiful" phone "you had in the last" 3 years
{0}, tell us the worst fight "you had in the last" 2 years
{0}, tell us the easiest "drinking session" "you had in the last" 2 years
{0}, tell us the "most fun" "drinking session" "you had in the last" 1 years
{0}, tell us the shortest experience "you had in the last" 2 years
{0}, tell us the "most delicious" relationship "you had in the last" 3 years
{0}, tell us the longest experience "you had in the last" 3 years
{0}, tell us the bravest "drinking session" "you had in the last" 4 years
{0}, tell us the shortest trip "you had in the last" 3 years
{0}, tell us the longest relationship "you had in the last" 1 years
{0}, tell us the best experience "you had in the last" 2 years
{0}, tell us the "most delicious" activity "you had in the last" 2 years
{0}, tell us the "most fun" phone "you had in the last" 4 years
{0}, tell us the best relationship "you had in the last" 2 years
{0}, tell us the worst experience "you had in the last" 2 years
{0}, tell us the highest trip "you had in the last" 2 years
{0}, tell us the fattest activity "you had in the last" 2 years
{0}, tell us the highest sex "you had in the last" 1 years
{0}, tell us the bravest trip "you had in the last" 4 years
{0}, tell us the highest sit-ups "you had in the last" 2 years
{0}, tell us the worst fight "you had in the last" 3 years
{0}, tell us the "most fun" fight "you had in the last" 4 years
{0}, tell us the fattest phone "you had in the last" 3 years
{0}, tell us the easiest phone "you had in the last" 4 years
{0}, tell us the longest fight "you had in the last" 2 years
{0}, tell us the longest push-ups "you had in the last" 2 years
{0}, tell us the best sex "you had in the last" 2 years
{0}, tell us the best relationship "you had in the last" 3 years
{0}, tell us the drunkest relationship "you had in the last" 4 years
{0}, tell us the highest activity "you had in the last" 3 years
{0}, tell us the worst food "you had in the last" 3 years
{0}, tell us the best food "you had in the last" 4 years
{0}, tell us the shortest push-ups "you had in the last" 3 years
{0}, tell us the drunkest relationship "you had in the last" 3 years
{0}, tell us the drunkest sit-ups "you had in the last" 4 years
{0}, tell us the longest experience "you had in the last" 1 years
{0}, tell us the "most fun" activity "you had in the last" 1 years
{0}, tell us the worst fight "you had in the last" 4 years
{0}, tell us the "most delicious" food "you had in the last" 3 years
{0}, tell us the "most delicious" experience "you had in the last" 2 years
{0}, tell us the bravest "drinking session" "you had in the last" 3 years
{0}, tell us the shortest activity "you had in the last" 4 years
{0}, tell us the longest sex "you had in the last" 4 years
{0}, tell us the "most delicious" "drinking session" "you had in the last" 2 years
{0}, tell us the "most beautiful" sit-ups "you had in the last" 2 years
{0}, tell us the "most beautiful" push-ups "you had in the last" 2 years
{0}, tell us the drunkest trip "you had in the last" 2 years
{0}, tell us the "most beautiful" activity "you had in the last" 3 years
{0}, tell us the "most beautiful" fight "you had in the last" 1 years
{0}, tell us the easiest activity "you had in the last" 3 years
{0}, tell us the easiest push-ups "you had in the last" 4 years
{0}, tell us the "most beautiful" experience "you had in the last" 2 years
{0}, tell us the "most fun" relationship "you had in the last" 1 years
{0}, tell us the "most delicious" activity "you had in the last" 3 years
{0}, tell us the best experience "you had in the last" 2 years
{0}, tell us the "most beautiful" experience "you had in the last" 4 years
{0}, tell us the easiest sex "you had in the last" 2 years
{0}, tell us the longest sit-ups "you had in the last" 1 years
{0}, tell us the longest experience "you had in the last" 1 years
{0}, tell us the longest fight "you had in the last" 4 years
{0}, tell us the drunkest phone "you had in the last" 2 years
{0}, tell us the longest experience "you had in the last" 4 years
{0}, tell us the "most delicious" relationship "you had in the last" 3 years
{0}, tell us the "most delicious" sex "you had in the last" 1 years
{0}, tell us the "most fun" relationship "you had in the last" 4 years
{0}, tell us the shortest food "you had in the last" 3 years
{0}, tell us the shortest food "you had in the last" 3 years
{0}, tell us the "most beautiful" sex "you had in the last" 3 years
{0}, tell us the bravest "drinking session" "you had in the last" 4 years
{0}, tell us the "most beautiful" activity "you had in the last" 1 years
{0}, tell us the shortest sit-ups "you had in the last" 2 years
{0}, tell us the "most beautiful" trip "you had in the last" 2 years
{0}, tell us the best sit-ups "you had in the last" 4 years
{0}, tell us the "most delicious" "drinking session" "you had in the last" 1 years
{0}, tell us the highest sit-ups "you had in the last" 3 years
{0}, tell us the best food "you had in the last" 1 years
{0}, tell us the "most delicious" trip "you had in the last" 4 years
{0}, tell us the shortest experience "you had in the last" 2 years
{0}, tell us the worst activity "you had in the last" 3 years
{0}, tell us the "most delicious" food "you had in the last" 2 years
{0}, tell us the fattest activity "you had in the last" 2 years
{0}, tell us the highest activity "you had in the last" 4 years
{0}, tell us the "most beautiful" activity "you had in the last" 3 years
{0}, tell us the "most fun" sit-ups "you had in the last" 1 years
{0}, tell us the "most delicious" fight "you had in the last" 3 years
{0}, tell us the highest sit-ups "you had in the last" 4 years
{0}, tell us the shortest experience "you had in the last" 2 years
{0}, tell us the bravest food "you had in the last" 2 years
{0}, tell us the longest relationship "you had in the last" 3 years
{0}, tell us the "most delicious" relationship "you had in the last" 1 years
{0}, tell us the best food "you had in the last" 4 years
{0}, tell us the highest phone "you had in the last" 4 years
{0}, tell us the easiest food "you had in the last" 2 years
{0}, tell us the best push-ups "you had in the last" 1 years
{0}, tell us the easiest food "you had in the last" 2 years
{0}, tell us the worst "drinking session" "you had in the last" 2 years
{0}, tell us the fattest sex "you had in the last" 4 years
{0}, tell us the highest fight "you had in the last" 4 years
{0}, tell us the highest sit-ups "you had in the last" 4 years
{0}, tell us the best experience "you had in the last" 2 years
{0}, tell us the worst sit-ups "you had in the last" 2 years
{0}, tell us the worst activity "you had in the last" 4 years
{0}, tell us the longest push-ups "you had in the last" 2 years
{0}, tell us the easiest phone "you had in the last" 3 years
{0}, tell us the "most fun" sit-ups "you had in the last" 3 years
{0}, tell us the shortest fight "you had in the last" 3 years
{0}, tell us the easiest sex "you had in the last" 2 years
{0}, tell us the best "drinking session" "you had in the last" 1 years
{0}, tell us the highest relationship "you had in the last" 1 years
{0}, tell us the shortest sex "you had in the last" 1 years
{0}, tell us the fattest fight "you had in the last" 1 years
{0}, tell us the longest fight "you had in the last" 4 years
{0}, tell us the worst fight "you had in the last" 4 years
{0}, tell us the fattest sex "you had in the last" 4 years
{0}, tell us the "most delicious" food "you had in the last" 1 years
{0}, tell us the best trip "you had in the last" 1 years
{0}, tell us the shortest phone "you had in the last" 2 years
{0}, tell us the bravest fight "you had in the last" 1 years
{0}, tell us the easiest experience "you had in the last" 1 years
{0}, tell us the highest experience "you had in the last" 3 years
{0}, tell us the "most fun" trip "you had in the last" 2 years
{0}, tell us the bravest sex "you had in the last" 2 years
{0}, tell us the bravest experience "you had in the last" 4 years
{0}, tell us the shortest push-ups "you had in the last" 2 years
{0}, tell us the "most delicious" food "you had in the last" 1 years
{0}, tell us the worst fight "you had in the last" 2 years
{0}, tell us the bravest sit-ups "you had in the last" 1 years
{0}, tell us the "most beautiful" fight "you had in the last" 3 years
{0}, tell us the worst activity "you had in the last" 2 years
{0}, tell us the fattest push-ups "you had in the last" 3 years
{0}, tell us the fattest sit-ups "you had in the last" 1 years
{0}, tell us the drunkest relationship "you had in the last" 4 years
{0}, tell us the fattest push-ups "you had in the last" 3 years
{0}, tell us the shortest phone "you had in the last" 4 years
{0}, tell us the drunkest experience "you had in the last" 1 years
{0}, tell us the drunkest push-ups "you had in the last" 2 years
{0}, tell us the highest food "you had in the last" 2 years
{0}, tell us the "most delicious" activity "you had in the last" 2 years
{0}, tell us the "most delicious" push-ups "you had in the last" 3 years
{0}, tell us the best phone "you had in the last" 2 years
{0}, tell us the easiest phone "you had in the last" 3 years
{0}, tell us the "most delicious" phone "you had in the last" 4 years
{0}, tell us the shortest sit-ups "you had in the last" 2 years
{0}, tell us the best phone "you had in the last" 4 years
{0}, tell us the longest sit-ups "you had in the last" 1 years
{0}, tell us the bravest phone "you had in the last" 2 years
{0}, tell us the highest relationship "you had in the last" 1 years
{0}, tell us the easiest push-ups "you had in the last" 3 years
{0}, tell us the "most beautiful" activity "you had in the last" 4 years
{0}, tell us the shortest relationship "you had in the last" 2 years
{0}, tell us the easiest food "you had in the last" 3 years
{0}, tell us the worst experience "you had in the last" 4 years
{0}, tell us the shortest trip "you had in the last" 2 years
{0}, tell us the best food "you had in the last" 1 years
{0}, tell us the "most fun" activity "you had in the last" 1 years
{0}, tell us the easiest trip "you had in the last" 3 years
{0}, tell us the fattest sit-ups "you had in the last" 1 years
{0}, tell us the "most delicious" phone "you had in the last" 3 years
{0}, tell us the drunkest phone "you had in the last" 4 years
{0}, tell us the "most beautiful" push-ups "you had in the last" 2 years
{0}, tell us the easiest sex "you had in the last" 4 years
{0}, tell us the highest phone "you had in the last" 1 years
{0}, tell us the drunkest sit-ups "you had in the last" 1 years
{0}, tell us the worst activity "you had in the last" 1 years
{0}, tell us the shortest food "you had in the last" 1 years
{0}, tell us the drunkest sit-ups "you had in the last" 1 years
{0}, tell us the longest relationship "you had in the last" 2 years
{0}, tell us the fattest experience "you had in the last" 1 years
{0}, tell us the best phone "you had in the last" 1 years
{0}, tell us the highest phone "you had in the last" 1 years
{0}, tell us the drunkest trip "you had in the last" 1 years
{0}, tell us the easiest food "you had in the last" 1 years
{0}, tell us the worst phone "you had in the last" 1 years
{0}, tell us the highest "drinking session" "you had in the last" 2 years
{0}, tell us the "most beautiful" food "you had in the last" 2 years
{0}, tell us the easiest "drinking session" "you had in the last" 1 years
{0}, tell us the highest food "you had in the last" 2 years
{0}, tell us the longest push-ups "you had in the last" 2 years
{0}, tell us the "most delicious" experience "you had in the last" 2 years
{0}, tell us the bravest experience "you had in the last" 3 years
{0}, tell us the best trip "you had in the last" 4 years
{0}, tell us the "most beautiful" sit-ups "you had in the last" 3 years
{0}, tell us the "most beautiful" sex "you had in the last" 2 years
{0}, tell us the worst activity "you had in the last" 2 years
{0}, tell us the worst push-ups "you had in the last" 2 years
{0}, tell us the worst "drinking session" "you had in the last" 3 years
{0}, tell us the shortest fight "you had in the last" 1 years
{0}, tell us the "most beautiful" phone "you had in the last" 1 years
{0}, tell us the best "drinking session" "you had in the last" 4 years
{0}, tell us the "most delicious" sex "you had in the last" 4 years
{0}, tell us the longest push-ups "you had in the last" 1 years
{0}, tell us the highest relationship "you had in the last" 1 years
{0}, tell us the best push-ups "you had in the last" 4 years
{0}, tell us the fattest activity "you had in the last" 4 years
{0}, tell us the drunkest food "you had in the last" 2 years
{0}, tell us the "most beautiful" phone "you had in the last" 2 years
{0}, tell us the "most fun" relationship "you had in the last" 4 years
{0}, tell us the "most fun" sex "you had in the last" 1 years
{0}, tell us the shortest phone "you had in the last" 4 years
{0}, tell us the easiest fight "you had in the last" 1 years
{0}, tell us the "most delicious" fight "you had in the last" 4 years
{0}, tell us the highest activity "you had in the last" 2 years
{0}, tell us the "most beautiful" fight "you had in the last" 2 years
{0}, tell us the "most fun" sit-ups "you had in the last" 3 years
{0}, tell us the "most beautiful" push-ups "you had in the last" 3 years
{0}, tell us the easiest relationship "you had in the last" 1 years
{0}, tell us the "most fun" food "you had in the last" 1 years
{0}, tell us the "most delicious" activity "you had in the last" 1 years
{0}, tell us the worst sit-ups "you had in the last" 4 years
{0}, tell us the drunkest phone "you had in the last" 4 years
{0}, tell us the highest sit-ups "you had in the last" 2 years
{0}, tell us the drunkest "drinking session" "you had in the last" 1 years
{0}, tell us the shortest phone "you had in the last" 3 years
{0}, tell us the fattest fight "you had in the last" 3 years
{0}, tell us the best experience "you had in the last" 1 years
{0}, tell us the highest trip "you had in the last" 1 years
{0}, tell us the worst trip "you had in the last" 3 years
{0}, tell us the highest activity "you had in the last" 2 years
{0}, tell us the easiest relationship "you had in the last" 2 years
{0}, tell us the bravest push-ups "you had in the last" 4 years
{0}, tell us the "most delicious" sex "you had in the last" 2 years
{0}, tell us the "most delicious" experience "you had in the last" 1 years
{0}, tell us the drunkest sit-ups "you had in the last" 3 years
{0}, tell us the best fight "you had in the last" 4 years
{0}, tell us the longest sit-ups "you had in the last" 1 years
{0}, tell us the longest sit-ups "you had in the last" 1 years
{0}, tell us the longest experience "you had in the last" 4 years
{0}, tell us the highest sex "you had in the last" 1 years
{0}, tell us the "most fun" relationship "you had in the last" 4 years
{0}, tell us the longest activity "you had in the last" 1 years
{0}, tell us the "most delicious" "drinking session" "you had in the last" 3 years
{0}, tell us the shortest trip "you had in the last" 3 years
{0}, tell us the worst activity "you had in the last" 1 years
{0}, tell us the bravest "drinking session" "you had in the last" 3 years
{0}, tell us the worst activity "you had in the last" 4 years
{0}, tell us the "most fun" phone "you had in the last" 4 years
{0}, tell us the longest fight "you had in the last" 2 years
{0}, tell us the longest relationship "you had in the last" 2 years
{0}, tell us the drunkest food "you had in the last" 2 years
{0}, tell us the longest experience "you had in the last" 4 years
{0}, tell us the fattest sex "you had in the last" 3 years
{0}, tell us the "most delicious" trip "you had in the last" 2 years
{0}, tell us the "most beautiful" push-ups "you had in the last" 3 years
{0}, tell us the best food "you had in the last" 2 years
{0}, tell us the shortest phone "you had in the last" 1 years
{0}, tell us the bravest relationship "you had in the last" 2 years
{0}, tell us the shortest activity "you had in the last" 1 years
{0}, tell us the "most fun" sit-ups "you had in the last" 1 years
{0}, tell us the bravest fight "you had in the last" 1 years
{0}, tell us the bravest relationship "you had in the last" 2 years
{0}, tell us the best trip "you had in the last" 3 years
{0}, tell us the "most beautiful" experience "you had in the last" 3 years
{0}, tell us the "most delicious" trip "you had in the last" 1 years
{0}, tell us the bravest trip "you had in the last" 4 years
{0}, tell us the "most fun" experience "you had in the last" 1 years
{0}, tell us the longest sit-ups "you had in the last" 2 years
{0}, tell us the highest "drinking session" "you had in the last" 4 years
{0}, tell us the worst trip "you had in the last" 2 years
{0}, tell us the worst sit-ups "you had in the last" 3 years
{0}, tell us the "most beautiful" relationship "you had in the last" 1 years
{0}, tell us the bravest phone "you had in the last" 2 years
{0}, tell us the shortest sex "you had in the last" 4 years
{0}, tell us the "most beautiful" sit-ups "you had in the last" 4 years
{0}, tell us the drunkest push-ups "you had in the last" 2 years
{0}, tell us the "most delicious" sex "you had in the last" 2 years
{0}, tell us the highest sex "you had in the last" 4 years
{0}, tell us the bravest relationship "you had in the last" 4 years
{0}, tell us the fattest food "you had in the last" 4 years
{0}, tell us the drunkest sex "you had in the last" 4 years
{0}, tell us the easiest fight "you had in the last" 4 years
{0}, tell us the shortest relationship "you had in the last" 4 years
{0}, tell us the best sex "you had in the last" 3 years
{0}, tell us the fattest trip "you had in the last" 4 years
{0}, tell us the "most fun" "drinking session" "you had in the last" 4 years
{0}, tell us the drunkest food "you had in the last" 3 years
{0}, tell us the longest sex "you had in the last" 2 years
{0}, tell us the "most fun" activity "you had in the last" 4 years
{0}, tell us the easiest trip "you had in the last" 4 years
{0}, tell us the longest fight "you had in the last" 1 years
{0}, tell us the "most delicious" food "you had in the last" 4 years
{0}, tell us the worst push-ups "you had in the last" 4 years
{0}, tell us the highest relationship "you had in the last" 1 years
{0}, tell us the best fight "you had in the last" 4 years
{0}, tell us the "most beautiful" push-ups "you had in the last" 1 years
{0}, tell us the "most fun" sit-ups "you had in the last" 4 years
{0}, tell us the longest "drinking session" "you had in the last" 2 years
{0}, tell us the "most beautiful" food "you had in the last" 4 years
{0}, tell us the easiest experience "you had in the last" 3 years
{0}, tell us the best sex "you had in the last" 4 years
{0}, tell us the "most delicious" sit-ups "you had in the last" 3 years
{0}, tell us the "most delicious" "drinking session" "you had in the last" 4 years
{0}, tell us the highest relationship "you had in the last" 4 years
{0}, tell us the fattest activity "you had in the last" 2 years
{0}, tell us the bravest fight "you had in the last" 2 years
{0}, tell us the bravest "drinking session" "you had in the last" 3 years
{0}, tell us the shortest fight "you had in the last" 1 years
{0}, tell us the fattest sit-ups "you had in the last" 3 years
{0}, tell us the easiest sit-ups "you had in the last" 4 years
{0}, tell us the "most beautiful" phone "you had in the last" 4 years
{0}, tell us the "most fun" sex "you had in the last" 1 years
{0}, tell us the highest sit-ups "you had in the last" 2 years
{0}, tell us the easiest activity "you had in the last" 2 years
{0}, tell us the "most delicious" relationship "you had in the last" 1 years
{0}, tell us the bravest push-ups "you had in the last" 2 years
{0}, tell us the easiest experience "you had in the last" 3 years
{0}, tell us the shortest experience "you had in the last" 4 years
{0}, tell us the "most fun" activity "you had in the last" 3 years
{0}, tell us the shortest experience "you had in the last" 1 years
{0}, tell us the "most beautiful" relationship "you had in the last" 2 years
{0}, tell us the "most delicious" experience "you had in the last" 2 years
{0}, tell us the "most beautiful" food "you had in the last" 3 years
{0}, tell us the "most fun" phone "you had in the last" 2 years
{0}, tell us the highest food "you had in the last" 2 years
{0}, tell us the longest relationship "you had in the last" 4 years
{0}, tell us the "most fun" sit-ups "you had in the last" 2 years
{0}, tell us the "most beautiful" fight "you had in the last" 1 years
{0}, tell us the "most delicious" sex "you had in the last" 1 years
{0}, tell us the fattest fight "you had in the last" 2 years
{0}, tell us the easiest sex "you had in the last" 1 years
{0}, tell us the bravest sit-ups "you had in the last" 4 years
{0}, tell us the fattest phone "you had in the last" 3 years
{0}, tell us the worst experience "you had in the last" 1 years
{0}, tell us the easiest sex "you had in the last" 1 years
{0}, tell us the best activity "you had in the last" 4 years
{0}, tell us the "most beautiful" fight "you had in the last" 1 years
{0}, tell us the longest sit-ups "you had in the last" 2 years
{0}, tell us the highest relationship "you had in the last" 1 years
{0}, tell us the drunkest sit-ups "you had in the last" 1 years
{0}, tell us the worst "drinking session" "you had in the last" 2 years
{0}, tell us the "most beautiful" trip "you had in the last" 4 years
{0}, tell us the easiest push-ups "you had in the last" 4 years
{0}, tell us the best "drinking session" "you had in the last" 2 years
{0}, tell us the longest relationship "you had in the last" 2 years
{0}, tell us the highest trip "you had in the last" 2 years
{0}, tell us the shortest trip "you had in the last" 3 years
{0}, tell us the fattest food "you had in the last" 1 years
{0}, tell us the worst activity "you had in the last" 2 years
{0}, tell us the "most beautiful" push-ups "you had in the last" 3 years
{0}, tell us the "most fun" sex "you had in the last" 3 years
{0}, tell us the "most fun" trip "you had in the last" 2 years
{0}, tell us the worst trip "you had in the last" 3 years
{0}, tell us the highest experience "you had in the last" 1 years
{0}, tell us the highest trip "you had in the last" 2 years
{0}, tell us the fattest experience "you had in the last" 1 years
{0}, tell us the best relationship "you had in the last" 4 years
{0}, tell us the drunkest food "you had in the last" 3 years
{0}, tell us the highest experience "you had in the last" 3 years
{0}, tell us the longest food "you had in the last" 2 years
{0}, tell us the shortest fight "you had in the last" 1 years
{0}, tell us the worst trip "you had in the last" 1 years
{0}, tell us the longest relationship "you had in the last" 1 years
{0}, tell us the "most delicious" sit-ups "you had in the last" 3 years
{0}, tell us the easiest phone "you had in the last" 3 years
{0}, tell us the fattest food "you had in the last" 2 years
{0}, tell us the best sit-ups "you had in the last" 1 years
{0}, tell us the "most fun" food "you had in the last" 2 years
{0}, tell us the shortest "drinking session" "you had in the last" 1 years
{0}, tell us the bravest fight "you had in the last" 1 years
{0}, tell us the worst "drinking session" "you had in the last" 2 years
{0}, tell us the "most beautiful" trip "you had in the last" 2 years
{0}, tell us the "most delicious" trip "you had in the last" 2 years
{0}, tell us the bravest experience "you had in the last" 3 years
{0}, tell us the shortest sex "you had in the last" 1 years
{0}, tell us the worst sex "you had in the last" 2 years
{0}, tell us the shortest experience "you had in the last" 3 years
{0}, tell us the "most beautiful" food "you had in the last" 3 years
{0}, tell us the "most delicious" phone "you had in the last" 3 years
{0}, tell us the shortest fight "you had in the last" 2 years
{0}, tell us the "most delicious" phone "you had in the last" 3 years
{0}, tell us the easiest experience "you had in the last" 3 years
{0}, tell us the highest sit-ups "you had in the last" 3 years
{0}, tell us the shortest "drinking session" "you had in the last" 1 years
{0}, tell us the "most delicious" food "you had in the last" 1 years
{0}, tell us the best sex "you had in the last" 1 years
{0}, tell us the drunkest activity "you had in the last" 1 years
{0}, tell us the bravest food "you had in the last" 1 years
{0}, tell us the easiest phone "you had in the last" 1 years
{0}, tell us the "most fun" sex "you had in the last" 3 years
{0}, tell us the "most fun" push-ups "you had in the last" 4 years
{0}, tell us the highest phone "you had in the last" 3 years
{0}, tell us the bravest push-ups "you had in the last" 3 years
{0}, tell us the highest food "you had in the last" 1 years
{0}, tell us the drunkest sit-ups "you had in the last" 2 years
{0}, tell us the "most fun" food "you had in the last" 2 years
{0}, tell us the "most beautiful" relationship "you had in the last" 1 years
{0}, tell us the "most fun" phone "you had in the last" 4 years
{0}, tell us the "most beautiful" food "you had in the last" 4 years
{0}, tell us the "most delicious" relationship "you had in the last" 4 years
{0}, tell us the easiest fight "you had in the last" 1 years
{0}, tell us the fattest activity "you had in the last" 4 years
{0}, tell us the longest experience "you had in the last" 2 years
{0}, tell us the "most delicious" trip "you had in the last" 3 years
{0}, tell us the fattest relationship "you had in the last" 3 years
{0}, tell us the drunkest fight "you had in the last" 4 years
{0}, tell us the "most fun" relationship "you had in the last" 1 years
{0}, tell us the bravest fight "you had in the last" 2 years
{0}, tell us the best sex "you had in the last" 2 years
{0}, tell us the easiest sex "you had in the last" 2 years
{0}, tell us the "most delicious" sit-ups "you had in the last" 2 years
{0}, tell us the fattest phone "you had in the last" 3 years
{0}, tell us the shortest trip "you had in the last" 2 years
{0}, tell us the longest sit-ups "you had in the last" 4 years
{0}, tell us the best sex "you had in the last" 1 years
{0}, tell us the easiest relationship "you had in the last" 2 years
{0}, tell us the worst sit-ups "you had in the last" 2 years
{0}, tell us the "most beautiful" fight "you had in the last" 2 years
{0}, tell us the easiest food "you had in the last" 2 years
{0}, tell us the worst experience "you had in the last" 2 years
{0}, tell us the longest phone "you had in the last" 3 years
{0}, tell us the easiest activity "you had in the last" 1 years
{0}, tell us the longest "drinking session" "you had in the last" 1 years
{0}, tell us the "most fun" push-ups "you had in the last" 1 years
{0}, tell us the highest experience "you had in the last" 3 years
{0}, tell us the best trip "you had in the last" 2 years
{0}, tell us the bravest relationship "you had in the last" 3 years
{0}, tell us the drunkest fight "you had in the last" 3 years
{0}, tell us the bravest push-ups "you had in the last" 1 years
{0}, tell us the best push-ups "you had in the last" 3 years
{0}, tell us the longest sex "you had in the last" 3 years
{0}, tell us the drunkest food "you had in the last" 3 years
{0}, tell us the easiest fight "you had in the last" 2 years
{0}, tell us the "most beautiful" experience "you had in the last" 3 years
{0}, tell us the "most beautiful" trip "you had in the last" 3 years
{0}, tell us the "most beautiful" sit-ups "you had in the last" 3 years
{0}, tell us the shortest sit-ups "you had in the last" 3 years
{0}, tell us the highest experience "you had in the last" 3 years
{0}, tell us the best fight "you had in the last" 3 years
{0}, tell us the worst sex "you had in the last" 2 years
{0}, tell us the "most beautiful" phone "you had in the last" 3 years
{0}, tell us the best push-ups "you had in the last" 1 years
{0}, tell us the longest phone "you had in the last" 1 years
{0}, tell us the fattest sit-ups "you had in the last" 4 years
{0}, tell us the "most delicious" push-ups "you had in the last" 2 years
{0}, tell us the easiest sit-ups "you had in the last" 3 years
{0}, tell us the fattest push-ups "you had in the last" 2 years
{0}, tell us the "most beautiful" experience "you had in the last" 3 years
{0}, tell us the "most delicious" fight "you had in the last" 1 years
{0}, tell us the "most beautiful" activity "you had in the last" 1 years
{0}, tell us the highest fight "you had in the last" 1 years
{0}, tell us the shortest sit-ups "you had in the last" 4 years
{0}, tell us the easiest sit-ups "you had in the last" 4 years
{0}, tell us the best food "you had in the last" 1 years
{0}, tell us the best trip "you had in the last" 1 years
{0}, tell us the "most delicious" trip "you had in the last" 3 years
{0}, tell us the "most delicious" sit-ups "you had in the last" 3 years
{0}, tell us the bravest sex "you had in the last" 4 years
{0}, tell us the fattest relationship "you had in the last" 4 years
{0}, tell us the longest push-ups "you had in the last" 3 years
{0}, tell us the best fight "you had in the last" 1 years
{0}, tell us the shortest food "you had in the last" 3 years
{0}, tell us the "most delicious" experience "you had in the last" 1 years
{0}, tell us the "most delicious" sex "you had in the last" 4 years
{0}, tell us the worst trip "you had in the last" 1 years
{0}, tell us the worst food "you had in the last" 2 years
{0}, tell us the bravest trip "you had in the last" 1 years
{0}, tell us the shortest activity "you had in the last" 1 years
{0}, tell us the drunkest sex "you had in the last" 4 years
{0}, tell us the drunkest sit-ups "you had in the last" 2 years
{0}, tell us the "most fun" activity "you had in the last" 3 years
{0}, tell us the bravest experience "you had in the last" 3 years
{0}, tell us the longest phone "you had in the last" 4 years
{0}, tell us the shortest food "you had in the last" 1 years
{0}, tell us the longest food "you had in the last" 4 years
{0}, tell us the bravest trip "you had in the last" 1 years
{0}, tell us the "most beautiful" phone "you had in the last" 2 years
{0}, tell us the "most delicious" experience "you had in the last" 3 years
{0}, tell us the shortest sex "you had in the last" 1 years
{0}, tell us the fattest push-ups "you had in the last" 3 years
{0}, tell us the "most fun" push-ups "you had in the last" 2 years
{0}, tell us the "most beautiful" fight "you had in the last" 2 years
{0}, tell us the worst push-ups "you had in the last" 2 years
{0}, tell us the fattest sit-ups "you had in the last" 3 years
{0}, tell us the shortest sit-ups "you had in the last" 1 years
{0}, tell us the highest relationship "you had in the last" 2 years
{0}, tell us the "most fun" sit-ups "you had in the last" 2 years
{0}, tell us the drunkest sex "you had in the last" 2 years
{0}, tell us the easiest "drinking session" "you had in the last" 1 years
{0}, tell us the "most fun" food "you had in the last" 1 years
{0}, tell us the best sex "you had in the last" 3 years
{0}, tell us the "most delicious" activity "you had in the last" 2 years
{0}, tell us the highest trip "you had in the last" 3 years
{0}, tell us the best sex "you had in the last" 2 years
{0}, tell us the highest sex "you had in the last" 3 years
{0}, tell us the longest push-ups "you had in the last" 2 years
{0}, tell us the easiest fight "you had in the last" 2 years
{0}, tell us the "most fun" activity "you had in the last" 4 years
{0}, tell us the highest "drinking session" "you had in the last" 3 years
{0}, tell us the drunkest experience "you had in the last" 2 years
{0}, tell us the best relationship "you had in the last" 4 years
{0}, tell us the shortest trip "you had in the last" 4 years
{0}, tell us the "most delicious" phone "you had in the last" 2 years
{0}, tell us the fattest "drinking session" "you had in the last" 2 years
{0}, tell us the easiest "drinking session" "you had in the last" 1 years
{0}, tell us the "most fun" relationship "you had in the last" 4 years
{0}, tell us the longest relationship "you had in the last" 1 years
{0}, tell us the "most fun" push-ups "you had in the last" 4 years
{0}, tell us the drunkest sex "you had in the last" 3 years
{0}, tell us the "most delicious" trip "you had in the last" 1 years
{0}, tell us the drunkest phone "you had in the last" 3 years
{0}, tell us the fattest trip "you had in the last" 3 years
{0}, tell us the shortest relationship "you had in the last" 4 years
{0}, tell us the drunkest sit-ups "you had in the last" 1 years
{0}, tell us the highest sit-ups "you had in the last" 3 years
{0}, tell us the highest sex "you had in the last" 4 years
{0}, tell us the "most fun" fight "you had in the last" 2 years
{0}, tell us the highest sit-ups "you had in the last" 3 years
{0}, tell us the worst experience "you had in the last" 3 years
{0}, tell us the "most beautiful" sit-ups "you had in the last" 4 years
{0}, tell us the worst sit-ups "you had in the last" 3 years
{0}, tell us the bravest sex "you had in the last" 4 years
{0}, tell us the highest sit-ups "you had in the last" 1 years
{0}, tell us the longest food "you had in the last" 1 years
{0}, tell us the best push-ups "you had in the last" 4 years
{0}, tell us the easiest sit-ups "you had in the last" 2 years
{0}, tell us the "most beautiful" food "you had in the last" 2 years
{0}, tell us the "most delicious" phone "you had in the last" 1 years
{0}, tell us the "most beautiful" food "you had in the last" 3 years
{0}, tell us the fattest activity "you had in the last" 4 years
{0}, tell us the highest sit-ups "you had in the last" 2 years
{0}, tell us the drunkest trip "you had in the last" 1 years
{0}, tell us the shortest relationship "you had in the last" 1 years
{0}, tell us the worst trip "you had in the last" 1 years
{0}, tell us the "most fun" push-ups "you had in the last" 3 years
{0}, tell us the "most beautiful" push-ups "you had in the last" 4 years
{0}, tell us the fattest "drinking session" "you had in the last" 2 years
{0}, tell us the worst relationship "you had in the last" 1 years
{0}, tell us the longest fight "you had in the last" 3 years
{0}, tell us the fattest experience "you had in the last" 1 years
{0}, tell us the bravest fight "you had in the last" 1 years
{0}, tell us the "most fun" fight "you had in the last" 2 years
{0}, tell us the drunkest activity "you had in the last" 3 years
{0}, tell us the bravest sex "you had in the last" 1 years
{0}, tell us the fattest push-ups "you had in the last" 1 years
{0}, tell us the "most delicious" trip "you had in the last" 3 years
{0}, tell us the "most beautiful" trip "you had in the last" 1 years
{0}, tell us the bravest experience "you had in the last" 1 years
{0}, tell us the drunkest sit-ups "you had in the last" 4 years
{0}, tell us the easiest phone "you had in the last" 1 years
{0}, tell us the easiest relationship "you had in the last" 1 years
{0}, tell us the bravest push-ups "you had in the last" 3 years
{0}, tell us the "most delicious" relationship "you had in the last" 1 years
{0}, tell us the best trip "you had in the last" 3 years
{0}, tell us the highest trip "you had in the last" 2 years
{0}, tell us the shortest relationship "you had in the last" 2 years
{0}, tell us the bravest fight "you had in the last" 4 years
{0}, tell us the drunkest fight "you had in the last" 3 years
{0}, tell us the "most fun" relationship "you had in the last" 1 years
{0}, tell us the "most fun" sit-ups "you had in the last" 3 years
{0}, tell us the "most delicious" sex "you had in the last" 2 years
{0}, tell us the longest experience "you had in the last" 2 years
{0}, tell us the highest trip "you had in the last" 1 years
{0}, tell us the worst phone "you had in the last" 4 years
{0}, tell us the "most beautiful" trip "you had in the last" 3 years
{0}, tell us the shortest "drinking session" "you had in the last" 3 years
{0}, tell us the easiest fight "you had in the last" 1 years
{0}, tell us the bravest "drinking session" "you had in the last" 4 years
{0}, tell us the bravest trip "you had in the last" 1 years
{0}, tell us the "most beautiful" relationship "you had in the last" 1 years
{0}, tell us the drunkest experience "you had in the last" 3 years
{0}, tell us the worst trip "you had in the last" 4 years
{0}, tell us the easiest sit-ups "you had in the last" 2 years
{0}, tell us the shortest activity "you had in the last" 3 years
{0}, tell us the "most fun" experience "you had in the last" 1 years
{0}, tell us the worst fight "you had in the last" 3 years
{0}, tell us the highest push-ups "you had in the last" 4 years
{0}, tell us the "most fun" activity "you had in the last" 3 years
{0}, tell us the "most fun" push-ups "you had in the last" 4 years
{0}, tell us the longest sex "you had in the last" 2 years
{0}, tell us the "most beautiful" "drinking session" "you had in the last" 4 years
{0}, tell us the longest sit-ups "you had in the last" 4 years
{0}, tell us the drunkest sex "you had in the last" 4 years
{0}, tell us the "most fun" fight "you had in the last" 1 years
{0}, tell us the "most delicious" sex "you had in the last" 2 years
{0}, tell us the bravest relationship "you had in the last" 2 years
{0}, tell us the worst activity "you had in the last" 3 years
{0}, tell us the "most fun" push-ups "you had in the last" 2 years
{0}, tell us the highest fight "you had in the last" 2 years
{0}, tell us the "most fun" trip "you had in the last" 2 years
{0}, tell us the "most beautiful" "drinking session" "you had in the last" 4 years
{0}, tell us the best food "you had in the last" 2 years
{0}, tell us the "most fun" trip "you had in the last" 3 years
{0}, tell us the shortest sit-ups "you had in the last" 2 years
{0}, tell us the bravest activity "you had in the last" 4 years
{0}, tell us the "most fun" relationship "you had in the last" 2 years
{0}, tell us the "most delicious" trip "you had in the last" 1 years
{0}, tell us the best "drinking session" "you had in the last" 3 years
{0}, tell us the longest fight "you had in the last" 1 years
{0}, tell us the drunkest food "you had in the last" 1 years
{0}, tell us the fattest trip "you had in the last" 2 years
{0}, tell us the "most beautiful" phone "you had in the last" 3 years
{0}, tell us the longest trip "you had in the last" 4 years
{0}, tell us the drunkest food "you had in the last" 3 years
{0}, tell us the bravest sit-ups "you had in the last" 1 years
{0}, tell us the fattest experience "you had in the last" 4 years
{0}, tell us the "most fun" push-ups "you had in the last" 3 years
{0}, tell us the longest phone "you had in the last" 3 years
{0}, tell us the worst experience "you had in the last" 1 years
{0}, tell us the worst sex "you had in the last" 1 years
{0}, tell us the easiest fight "you had in the last" 3 years
{0}, tell us the fattest push-ups "you had in the last" 3 years
{0}, tell us the fattest phone "you had in the last" 3 years
{0}, tell us the bravest food "you had in the last" 3 years
{0}, tell us the worst experience "you had in the last" 1 years
{0}, tell us the bravest experience "you had in the last" 4 years
{0}, tell us the "most delicious" phone "you had in the last" 3 years
{0}, tell us the shortest fight "you had in the last" 4 years
{0}, tell us the drunkest sit-ups "you had in the last" 3 years
{0}, tell us the worst "drinking session" "you had in the last" 3 years
{0}, tell us the drunkest fight "you had in the last" 2 years
{0}, tell us the fattest sex "you had in the last" 3 years
{0}, tell us the "most fun" food "you had in the last" 4 years
{0}, tell us the bravest fight "you had in the last" 4 years
{0}, tell us the longest relationship "you had in the last" 3 years
{0}, tell us the "most fun" relationship "you had in the last" 3 years
{0}, tell us the shortest food "you had in the last" 2 years
{0}, tell us the "most delicious" phone "you had in the last" 4 years
{0}, tell us the bravest relationship "you had in the last" 1 years
{0}, tell us the highest food "you had in the last" 1 years
{0}, tell us the worst trip "you had in the last" 4 years
{0}, tell us the "most delicious" push-ups "you had in the last" 3 years
{0}, tell us the highest relationship "you had in the last" 4 years
{0}, tell us the worst sex "you had in the last" 3 years
{0}, tell us the longest fight "you had in the last" 4 years
{0}, tell us the best relationship "you had in the last" 3 years
{0}, tell us the "most delicious" trip "you had in the last" 4 years
{0}, tell us the longest relationship "you had in the last" 1 years
{0}, tell us the "most fun" sit-ups "you had in the last" 2 years
{0}, tell us the drunkest experience "you had in the last" 2 years
{0}, tell us the highest food "you had in the last" 4 years
{0}, tell us the best sit-ups "you had in the last" 4 years
{0}, tell us the longest sit-ups "you had in the last" 4 years
{0}, tell us the worst push-ups "you had in the last" 2 years
{0}, tell us the highest food "you had in the last" 1 years
{0}, tell us the fattest fight "you had in the last" 4 years
{0}, tell us the "most beautiful" relationship "you had in the last" 4 years
{0}, tell us the highest sex "you had in the last" 2 years
{0}, tell us the bravest phone "you had in the last" 4 years
{0}, tell us the shortest trip "you had in the last" 1 years
{0}, tell us the "most delicious" experience "you had in the last" 1 years
{0}, tell us the "most delicious" trip "you had in the last" 2 years
{0}, tell us the bravest food "you had in the last" 1 years
{0}, tell us the "most fun" fight "you had in the last" 3 years
{0}, tell us the worst fight "you had in the last" 4 years
{0}, tell us the "most beautiful" sex "you had in the last" 4 years
{0}, tell us the fattest phone "you had in the last" 3 years
{0}, tell us the easiest push-ups "you had in the last" 3 years
{0}, tell us the "most delicious" sex "you had in the last" 2 years
{0}, tell us the worst activity "you had in the last" 1 years
{0}, tell us the best push-ups "you had in the last" 1 years
{0}, tell us the drunkest "drinking session" "you had in the last" 2 years
{0}, tell us the worst relationship "you had in the last" 1 years
{0}, tell us the shortest "drinking session" "you had in the last" 3 years
{0}, tell us the bravest sit-ups "you had in the last" 1 years
{0}, tell us the easiest relationship "you had in the last" 3 years
{0}, tell us the fattest relationship "you had in the last" 1 years
{0}, tell us the best trip "you had in the last" 3 years
{0}, tell us the easiest sex "you had in the last" 4 years
{0}, tell us the shortest food "you had in the last" 3 years
{0}, tell us the drunkest sit-ups "you had in the last" 3 years
{0}, tell us the fattest sex "you had in the last" 2 years
{0}, tell us the "most beautiful" "drinking session" "you had in the last" 2 years
{0}, tell us the "most beautiful" experience "you had in the last" 2 years
{0}, tell us the "most delicious" activity "you had in the last" 2 years
{0}, tell us the worst push-ups "you had in the last" 4 years
{0}, tell us the "most beautiful" "drinking session" "you had in the last" 1 years
{0}, tell us the worst "drinking session" "you had in the last" 3 years
{0}, tell us the fattest relationship "you had in the last" 4 years
{0}, tell us the easiest phone "you had in the last" 1 years
{0}, tell us the drunkest trip "you had in the last" 3 years
{0}, tell us the best sex "you had in the last" 2 years
{0}, tell us the best experience "you had in the last" 4 years
{0}, tell us the drunkest "drinking session" "you had in the last" 4 years
{0}, tell us the "most delicious" sex "you had in the last" 2 years
{0}, tell us the "most fun" push-ups "you had in the last" 2 years
{0}, tell us the "most delicious" push-ups "you had in the last" 3 years
{0}, tell us the highest push-ups "you had in the last" 1 years
{0}, tell us the "most beautiful" experience "you had in the last" 1 years
{0}, tell us the highest sex "you had in the last" 4 years
{0}, tell us the "most beautiful" sex "you had in the last" 4 years
{0}, tell us the longest phone "you had in the last" 4 years
{0}, tell us the drunkest experience "you had in the last" 2 years
{0}, tell us the "most delicious" sit-ups "you had in the last" 2 years
{0}, tell us the shortest activity "you had in the last" 1 years
{0}, tell us the drunkest experience "you had in the last" 1 years
{0}, tell us the bravest phone "you had in the last" 1 years
{0}, tell us the shortest experience "you had in the last" 3 years
{0}, tell us the "most beautiful" activity "you had in the last" 3 years
{0}, tell us the drunkest sit-ups "you had in the last" 1 years
{0}, tell us the shortest "drinking session" "you had in the last" 2 years
{0}, tell us the longest "drinking session" "you had in the last" 4 years
{0}, tell us the "most fun" sit-ups "you had in the last" 2 years
{0}, tell us the best phone "you had in the last" 1 years
{0}, tell us the highest sex "you had in the last" 2 years
{0}, tell us the "most delicious" fight "you had in the last" 4 years
{0}, tell us the fattest push-ups "you had in the last" 2 years
{0}, tell us the fattest push-ups "you had in the last" 3 years
{0}, tell us the fattest "drinking session" "you had in the last" 1 years
{0}, tell us the fattest push-ups "you had in the last" 4 years
{0}, tell us the fattest relationship "you had in the last" 4 years
{0}, tell us the easiest sit-ups "you had in the last" 4 years
{0}, tell us the fattest push-ups "you had in the last" 2 years
{0}, tell us the bravest "drinking session" "you had in the last" 3 years
{0}, tell us the shortest phone "you had in the last" 2 years
{0}, tell us the best trip "you had in the last" 4 years
{0}, tell us the drunkest push-ups "you had in the last" 3 years
{0}, tell us the "most beautiful" relationship "you had in the last" 3 years
{0}, tell us the shortest fight "you had in the last" 2 years
{0}, tell us the worst sex "you had in the last" 1 years
{0}, tell us the worst "drinking session" "you had in the last" 1 years
{0}, tell us the best relationship "you had in the last" 3 years
{0}, tell us the fattest activity "you had in the last" 3 years
{0}, tell us the easiest fight "you had in the last" 2 years
{0}, tell us the worst fight "you had in the last" 4 years
{0}, tell us the easiest experience "you had in the last" 2 years
{0}, tell us the "most beautiful" sit-ups "you had in the last" 4 years
{0}, tell us the "most beautiful" experience "you had in the last" 2 years
{0}, tell us the fattest fight "you had in the last" 4 years
{0}, tell us the "most delicious" trip "you had in the last" 1 years
{0}, tell us the "most fun" sex "you had in the last" 2 years
{0}, tell us the "most fun" sex "you had in the last" 1 years
{0}, tell us the bravest relationship "you had in the last" 3 years
{0}, tell us the longest fight "you had in the last" 2 years
{0}, tell us the longest activity "you had in the last" 3 years
{0}, tell us the drunkest relationship "you had in the last" 2 years
{0}, tell us the fattest activity "you had in the last" 3 years
{0}, tell us the worst sit-ups "you had in the last" 3 years
{0}, tell us the highest fight "you had in the last" 2 years
{0}, tell us the worst activity "you had in the last" 3 years
{0}, tell us the easiest sex "you had in the last" 2 years
{0}, tell us the longest sex "you had in the last" 2 years
{0}, tell us the shortest sex "you had in the last" 4 years
{0}, tell us the fattest trip "you had in the last" 2 years
{0}, tell us the drunkest sex "you had in the last" 3 years
{0}, tell us the "most beautiful" push-ups "you had in the last" 1 years
{0}, tell us the highest relationship "you had in the last" 1 years
{0}, tell us the drunkest sex "you had in the last" 2 years
{0}, tell us the longest experience "you had in the last" 3 years
{0}, tell us the easiest fight "you had in the last" 1 years
{0}, tell us the "most fun" fight "you had in the last" 2 years
{0}, tell us the "most fun" fight "you had in the last" 3 years
{0}, tell us the worst activity "you had in the last" 4 years
{0}, tell us the drunkest sit-ups "you had in the last" 2 years
{0}, tell us the highest fight "you had in the last" 1 years
{0}, tell us the worst fight "you had in the last" 3 years
{0}, tell us the shortest sit-ups "you had in the last" 4 years
{0}, tell us the "most beautiful" "drinking session" "you had in the last" 4 years
{0}, tell us the longest relationship "you had in the last" 3 years
{0}, tell us the highest food "you had in the last" 3 years
{0}, tell us the "most fun" relationship "you had in the last" 4 years
{0}, tell us the drunkest food "you had in the last" 1 years
{0}, tell us the drunkest sit-ups "you had in the last" 1 years
{0}, tell us the drunkest trip "you had in the last" 1 years
{0}, tell us the easiest sex "you had in the last" 3 years
{0}, tell us the "most beautiful" fight "you had in the last" 3 years
{0}, tell us the longest food "you had in the last" 2 years
{0}, tell us the easiest trip "you had in the last" 1 years
{0}, tell us the "most beautiful" sit-ups "you had in the last" 3 years
{0}, tell us the fattest push-ups "you had in the last" 1 years
{0}, tell us the longest experience "you had in the last" 3 years
{0}, tell us the drunkest food "you had in the last" 2 years
{0}, tell us the longest experience "you had in the last" 3 years
{0}, tell us the worst trip "you had in the last" 2 years
{0}, tell us the drunkest food "you had in the last" 1 years
{0}, tell us the worst activity "you had in the last" 2 years
{0}, tell us the easiest fight "you had in the last" 2 years
{0}, tell us the "most beautiful" food "you had in the last" 4 years
{0}, tell us the fattest activity "you had in the last" 1 years
{0}, tell us the drunkest relationship "you had in the last" 3 years
{0}, tell us the "most beautiful" activity "you had in the last" 4 years
{0}, tell us the "most beautiful" "drinking session" "you had in the last" 3 years
{0}, tell us the "most fun" activity "you had in the last" 3 years
{0}, tell us the shortest sit-ups "you had in the last" 1 years
{0}, tell us the drunkest "drinking session" "you had in the last" 4 years
{0}, tell us the worst fight "you had in the last" 3 years
{0}, tell us the drunkest trip "you had in the last" 2 years
{0}, tell us the worst experience "you had in the last" 1 years
{0}, tell us the highest activity "you had in the last" 4 years
{0}, tell us the shortest phone "you had in the last" 1 years
{0}, tell us the best push-ups "you had in the last" 3 years
{0}, tell us the "most beautiful" sex "you had in the last" 2 years
{0}, tell us the highest activity "you had in the last" 3 years
{0}, tell us the fattest push-ups "you had in the last" 2 years
{0}, tell us the "most delicious" "drinking session" "you had in the last" 1 years
{0}, tell us the fattest fight "you had in the last" 2 years
{0}, tell us the drunkest phone "you had in the last" 3 years
{0}, tell us the worst sex "you had in the last" 4 years
{0}, tell us the best sit-ups "you had in the last" 2 years
{0}, tell us the best trip "you had in the last" 3 years
{0}, tell us the longest activity "you had in the last" 1 years
{0}, tell us the fattest activity "you had in the last" 3 years
{0}, tell us the "most beautiful" experience "you had in the last" 1 years
{0}, tell us the drunkest activity "you had in the last" 3 years
{0}, tell us the drunkest push-ups "you had in the last" 3 years
{0}, tell us the longest fight "you had in the last" 2 years
{0}, tell us the "most beautiful" phone "you had in the last" 4 years
{0}, tell us the best trip "you had in the last" 3 years
{0}, tell us the longest push-ups "you had in the last" 4 years
{0}, tell us the "most fun" push-ups "you had in the last" 3 years
{0}, tell us the longest activity "you had in the last" 3 years
{0}, tell us the "most delicious" sex "you had in the last" 3 years
{0}, tell us the fattest trip "you had in the last" 1 years
{0}, tell us the highest push-ups "you had in the last" 1 years
{0}, tell us the worst sit-ups "you had in the last" 2 years
{0}, tell us the highest phone "you had in the last" 1 years
{0}, tell us the "most fun" relationship "you had in the last" 4 years
{0}, tell us the best fight "you had in the last" 1 years
{0}, tell us the "most delicious" sex "you had in the last" 4 years
{0}, tell us the worst trip "you had in the last" 4 years
{0}, tell us the easiest relationship "you had in the last" 4 years
